customer_id,loyalty_tier
CUST-00001,Bronze
CUST-00002,Silver
CUST-00003,Bronze
CUST-00004,Bronze
CUST-00005,Bronze
CUST-00006,Bronze
CUST-00007,Bronze
CUST-00008,Bronze
CUST-00009,Bronze
CUST-00010,Bronze
CUST-00011,Bronze
CUST-00012,Bronze
CUST-00013,Bronze
CUST-00014,Bronze
CUST-00015,Bronze
CUST-00016,Bronze
CUST-00017,Bronze
CUST-00018,Bronze
CUST-00019,Bronze
CUST-00020,Bronze
CUST-00021,Bronze
CUST-00022,Bronze
CUST-00023,Bronze
CUST-00024,Bronze
CUST-00025,Bronze
CUST-00026,Bronze
CUST-00027,Bronze
CUST-00028,Bronze
CUST-00029,Bronze
CUST-00030,Bronze
CUST-00031,Bronze
CUST-00032,Bronze
CUST-00033,Bronze
CUST-00034,Bronze
CUST-00035,Bronze
CUST-00036,Bronze
CUST-00037,Bronze
CUST-00038,Bronze
CUST-00039,Bronze
CUST-00040,Silver
CUST-00041,Bronze
CUST-00042,Bronze
CUST-00043,Bronze
CUST-00044,Silver
CUST-00045,Bronze
CUST-00046,Bronze
CUST-00047,Silver
CUST-00048,Silver
CUST-00049,Silver
CUST-00050,Bronze
CUST-00051,Bronze
CUST-00052,Bronze
CUST-00053,Bronze
CUST-00054,Bronze
CUST-00055,Bronze
CUST-00056,Silver
CUST-00057,Bronze
CUST-00058,Bronze
CUST-00059,Bronze
CUST-00060,Silver
CUST-00061,Bronze
CUST-00062,Bronze
CUST-00063,Silver
CUST-00064,Silver
CUST-00065,Bronze
CUST-00066,Bronze
CUST-00067,Gold
CUST-00068,Silver
CUST-00069,Silver
CUST-00070,Silver
CUST-00071,Bronze
CUST-00072,Bronze
CUST-00073,Bronze
CUST-00074,Silver
CUST-00075,Bronze
CUST-00076,Gold
CUST-00077,Bronze
CUST-00078,Bronze
CUST-00079,Bronze
CUST-00080,Bronze
CUST-00081,Silver
CUST-00082,Bronze
CUST-00083,Silver
CUST-00084,Bronze
CUST-00085,Bronze
CUST-00086,Silver
CUST-00087,Silver
CUST-00088,Silver
CUST-00089,Bronze
CUST-00090,Bronze
CUST-00091,Silver
CUST-00092,Bronze
CUST-00093,Bronze
CUST-00094,Bronze
CUST-00095,Bronze
CUST-00096,Bronze
CUST-00097,Bronze
CUST-00098,Bronze
CUST-00099,Bronze
CUST-00100,Silver
CUST-00101,Bronze
CUST-00102,Bronze
CUST-00103,Bronze
CUST-00104,Bronze
CUST-00105,Bronze
CUST-00106,Bronze
CUST-00107,Bronze
CUST-00108,Bronze
CUST-00109,Bronze
CUST-00110,Bronze
CUST-00111,Bronze
CUST-00112,Bronze
CUST-00113,Bronze
CUST-00114,Silver
CUST-00115,Silver
CUST-00116,Bronze
CUST-00117,Bronze
CUST-00118,Bronze
CUST-00119,Bronze
CUST-00120,Bronze
CUST-00121,Bronze
CUST-00122,Silver
CUST-00123,Silver
CUST-00124,Bronze
CUST-00125,Bronze
CUST-00126,Bronze
CUST-00127,Silver
CUST-00128,Gold
CUST-00129,Bronze
CUST-00130,Silver
CUST-00131,Silver
CUST-00132,Bronze
CUST-00133,Bronze
CUST-00134,Bronze
CUST-00135,Bronze
CUST-00136,Bronze
CUST-00137,Bronze
CUST-00138,Bronze
CUST-00139,Silver
CUST-00140,Bronze
CUST-00141,Bronze
CUST-00142,Bronze
CUST-00143,Bronze
CUST-00144,Silver
CUST-00145,Bronze
CUST-00146,Bronze
CUST-00147,Silver
CUST-00148,Bronze
CUST-00149,Bronze
CUST-00150,Bronze
CUST-00151,Bronze
CUST-00152,Bronze
CUST-00153,Bronze
CUST-00154,Silver
CUST-00155,Bronze
CUST-00156,Bronze
CUST-00157,Silver
CUST-00158,Bronze
CUST-00159,Bronze
CUST-00160,Silver
CUST-00161,Bronze
CUST-00162,Bronze
CUST-00163,Bronze
CUST-00164,Silver
CUST-00165,Silver
CUST-00166,Silver
CUST-00167,Bronze
CUST-00168,Bronze
CUST-00169,Bronze
CUST-00170,Bronze
CUST-00171,Bronze
CUST-00172,Bronze
CUST-00173,Bronze
CUST-00174,Silver
CUST-00175,Bronze
CUST-00176,Bronze
CUST-00177,Silver
CUST-00178,Silver
CUST-00179,Bronze
CUST-00180,Silver
CUST-00181,Silver
CUST-00182,Bronze
CUST-00183,Bronze
CUST-00184,Bronze
CUST-00185,Bronze
CUST-00186,Bronze
CUST-00187,Bronze
CUST-00188,Bronze
CUST-00189,Bronze
CUST-00190,Bronze
CUST-00191,Bronze
CUST-00192,Bronze
CUST-00193,Bronze
CUST-00194,Silver
CUST-00195,Bronze
CUST-00196,Bronze
CUST-00197,Bronze
CUST-00198,Bronze
CUST-00199,Bronze
CUST-00200,Bronze
CUST-00201,Bronze
CUST-00202,Bronze
CUST-00203,Bronze
CUST-00204,Bronze
CUST-00205,Bronze
CUST-00206,Bronze
CUST-00207,Gold
CUST-00208,Bronze
CUST-00209,Bronze
CUST-00210,Silver
CUST-00211,Bronze
CUST-00212,Bronze
CUST-00213,Bronze
CUST-00214,Bronze
CUST-00215,Bronze
CUST-00216,Bronze
CUST-00217,Bronze
CUST-00218,Bronze
CUST-00219,Bronze
CUST-00220,Bronze
CUST-00221,Bronze
CUST-00222,Bronze
CUST-00223,Bronze
CUST-00224,Bronze
CUST-00225,Silver
CUST-00226,Bronze
CUST-00227,Bronze
CUST-00228,Bronze
CUST-00229,Bronze
CUST-00230,Bronze
CUST-00231,Bronze
CUST-00232,Bronze
CUST-00233,Bronze
CUST-00234,Bronze
CUST-00235,Bronze
CUST-00236,Bronze
CUST-00237,Silver
CUST-00238,Bronze
CUST-00239,Bronze
CUST-00240,Bronze
CUST-00241,Bronze
CUST-00242,Bronze
CUST-00243,Silver
CUST-00244,Bronze
CUST-00245,Bronze
CUST-00246,Bronze
CUST-00247,Bronze
CUST-00248,Bronze
CUST-00249,Bronze
CUST-00250,Bronze
CUST-00251,Bronze
CUST-00252,Silver
CUST-00253,Bronze
CUST-00254,Silver
CUST-00255,Gold
CUST-00256,Bronze
CUST-00257,Bronze
CUST-00258,Bronze
CUST-00259,Bronze
CUST-00260,Bronze
CUST-00261,Silver
CUST-00262,Bronze
CUST-00263,Bronze
CUST-00264,Bronze
CUST-00265,Silver
CUST-00266,Silver
CUST-00267,Bronze
CUST-00268,Silver
CUST-00269,Bronze
CUST-00270,Bronze
CUST-00271,Bronze
CUST-00272,Bronze
CUST-00273,Bronze
CUST-00274,Bronze
CUST-00275,Bronze
CUST-00276,Bronze
CUST-00277,Bronze
CUST-00278,Bronze
CUST-00279,Bronze
CUST-00280,Gold
CUST-00281,Bronze
CUST-00282,Silver
CUST-00283,Gold
CUST-00284,Bronze
CUST-00285,Silver
CUST-00286,Silver
CUST-00287,Silver
CUST-00288,Bronze
CUST-00289,Bronze
CUST-00290,Bronze
CUST-00291,Silver
CUST-00292,Bronze
CUST-00293,Bronze
CUST-00294,Bronze
CUST-00295,Bronze
CUST-00296,Bronze
CUST-00297,Bronze
CUST-00298,Silver
CUST-00299,Bronze
CUST-00300,Bronze
CUST-00301,Bronze
CUST-00302,Bronze
CUST-00303,Bronze
CUST-00304,Gold
CUST-00305,Bronze
CUST-00306,Silver
CUST-00307,Silver
CUST-00308,Bronze
CUST-00309,Bronze
CUST-00310,Bronze
CUST-00311,Bronze
CUST-00312,Bronze
CUST-00313,Bronze
CUST-00314,Bronze
CUST-00315,Bronze
CUST-00316,Bronze
CUST-00317,Bronze
CUST-00318,Silver
CUST-00319,Bronze
CUST-00320,Bronze
CUST-00321,Bronze
CUST-00322,Bronze
CUST-00323,Bronze
CUST-00324,Bronze
CUST-00325,Silver
CUST-00326,Bronze
CUST-00327,Bronze
CUST-00328,Silver
CUST-00329,Bronze
CUST-00330,Silver
CUST-00331,Bronze
CUST-00332,Bronze
CUST-00333,Bronze
CUST-00334,Silver
CUST-00335,Bronze
CUST-00336,Bronze
CUST-00337,Silver
CUST-00338,Bronze
CUST-00339,Silver
CUST-00340,Bronze
CUST-00341,Bronze
CUST-00342,Silver
CUST-00343,Bronze
CUST-00344,Bronze
CUST-00345,Bronze
CUST-00346,Bronze
CUST-00347,Bronze
CUST-00348,Bronze
CUST-00349,Bronze
CUST-00350,Silver
CUST-00351,Silver
CUST-00352,Bronze
CUST-00353,Bronze
CUST-00354,Bronze
CUST-00355,Bronze
CUST-00356,Silver
CUST-00357,Bronze
CUST-00358,Bronze
CUST-00359,Bronze
CUST-00360,Bronze
CUST-00361,Bronze
CUST-00362,Bronze
CUST-00363,Bronze
CUST-00364,Silver
CUST-00365,Bronze
CUST-00366,Silver
CUST-00367,Bronze
CUST-00368,Bronze
CUST-00369,Bronze
CUST-00370,Bronze
CUST-00371,Bronze
CUST-00372,Bronze
CUST-00373,Bronze
CUST-00374,Silver
CUST-00375,Silver
CUST-00376,Bronze
CUST-00377,Bronze
CUST-00378,Bronze
CUST-00379,Silver
CUST-00380,Silver
CUST-00381,Bronze
CUST-00382,Silver
CUST-00383,Bronze
CUST-00384,Bronze
CUST-00385,Bronze
CUST-00386,Bronze
CUST-00387,Silver
CUST-00388,Bronze
CUST-00389,Bronze
CUST-00390,Bronze
CUST-00391,Bronze
CUST-00392,Bronze
CUST-00393,Bronze
CUST-00394,Bronze
CUST-00395,Bronze
CUST-00396,Bronze
CUST-00397,Bronze
CUST-00398,Bronze
CUST-00399,Silver
CUST-00400,Bronze
CUST-00401,Bronze
CUST-00402,Bronze
CUST-00403,Bronze
CUST-00404,Bronze
CUST-00405,Bronze
CUST-00406,Silver
CUST-00407,Bronze
CUST-00408,Bronze
CUST-00409,Silver
CUST-00410,Bronze
CUST-00411,Silver
CUST-00412,Bronze
CUST-00413,Bronze
CUST-00414,Bronze
CUST-00415,Bronze
CUST-00416,Bronze
CUST-00417,Bronze
CUST-00418,Bronze
CUST-00419,Bronze
CUST-00420,Bronze
CUST-00421,Bronze
CUST-00422,Silver
CUST-00423,Bronze
CUST-00424,Bronze
CUST-00425,Bronze
CUST-00426,Bronze
CUST-00427,Bronze
CUST-00428,Silver
CUST-00429,Bronze
CUST-00430,Bronze
CUST-00431,Bronze
CUST-00432,Bronze
CUST-00433,Silver
CUST-00434,Bronze
CUST-00435,Bronze
CUST-00436,Bronze
CUST-00437,Silver
CUST-00438,Bronze
CUST-00439,Bronze
CUST-00440,Silver
CUST-00441,Bronze
CUST-00442,Bronze
CUST-00443,Bronze
CUST-00444,Bronze
CUST-00445,Bronze
CUST-00446,Bronze
CUST-00447,Silver
CUST-00448,Bronze
CUST-00449,Silver
CUST-00450,Bronze
CUST-00451,Bronze
CUST-00452,Bronze
CUST-00453,Bronze
CUST-00454,Silver
CUST-00455,Bronze
CUST-00456,Bronze
CUST-00457,Silver
CUST-00458,Silver
CUST-00459,Bronze
CUST-00460,Bronze
CUST-00461,Bronze
CUST-00462,Silver
CUST-00463,Bronze
CUST-00464,Bronze
CUST-00465,Bronze
CUST-00466,Bronze
CUST-00467,Bronze
CUST-00468,Bronze
CUST-00469,Silver
CUST-00470,Bronze
CUST-00471,Bronze
CUST-00472,Bronze
CUST-00473,Bronze
CUST-00474,Bronze
CUST-00475,Gold
CUST-00476,Bronze
CUST-00477,Bronze
CUST-00478,Bronze
CUST-00479,Bronze
CUST-00480,Bronze
CUST-00481,Bronze
CUST-00482,Bronze
CUST-00483,Bronze
CUST-00484,Silver
CUST-00485,Bronze
CUST-00486,Bronze
CUST-00487,Bronze
CUST-00488,Bronze
CUST-00489,Gold
CUST-00490,Bronze
CUST-00491,Silver
CUST-00492,Bronze
CUST-00493,Bronze
CUST-00494,Bronze
CUST-00495,Bronze
CUST-00496,Silver
CUST-00497,Silver
CUST-00498,Bronze
CUST-00499,Bronze
CUST-00500,Bronze
CUST-00501,Bronze
CUST-00502,Bronze
CUST-00503,Gold
CUST-00504,Gold
CUST-00505,Bronze
CUST-00506,Bronze
CUST-00507,Bronze
CUST-00508,Silver
CUST-00509,Bronze
CUST-00510,Silver
CUST-00511,Bronze
CUST-00512,Bronze
CUST-00513,Silver
CUST-00514,Bronze
CUST-00515,Bronze
CUST-00516,Bronze
CUST-00517,Bronze
CUST-00518,Bronze
CUST-00519,Silver
CUST-00520,Bronze
CUST-00521,Bronze
CUST-00522,Bronze
CUST-00523,Bronze
CUST-00524,Bronze
CUST-00525,Bronze
CUST-00526,Bronze
CUST-00527,Bronze
CUST-00528,Silver
CUST-00529,Bronze
CUST-00530,Bronze
CUST-00531,Bronze
CUST-00532,Bronze
CUST-00533,Silver
CUST-00534,Silver
CUST-00535,Bronze
CUST-00536,Bronze
CUST-00537,Bronze
CUST-00538,Silver
CUST-00539,Bronze
CUST-00540,Bronze
CUST-00541,Bronze
CUST-00542,Bronze
CUST-00543,Bronze
CUST-00544,Bronze
CUST-00545,Bronze
CUST-00546,Silver
CUST-00547,Bronze
CUST-00548,Bronze
CUST-00549,Silver
CUST-00550,Silver
CUST-00551,Bronze
CUST-00552,Bronze
CUST-00553,Bronze
CUST-00554,Bronze
CUST-00555,Bronze
CUST-00556,Bronze
CUST-00557,Bronze
CUST-00558,Silver
CUST-00559,Bronze
CUST-00560,Silver
CUST-00561,Bronze
CUST-00562,Silver
CUST-00563,Silver
CUST-00564,Bronze
CUST-00565,Bronze
CUST-00566,Bronze
CUST-00567,Bronze
CUST-00568,Bronze
CUST-00569,Silver
CUST-00570,Bronze
CUST-00571,Bronze
CUST-00572,Silver
CUST-00573,Bronze
CUST-00574,Bronze
CUST-00575,Bronze
CUST-00576,Bronze
CUST-00577,Bronze
CUST-00578,Bronze
CUST-00579,Bronze
CUST-00580,Silver
CUST-00581,Bronze
CUST-00582,Bronze
CUST-00583,Silver
CUST-00584,Bronze
CUST-00585,Bronze
CUST-00586,Bronze
CUST-00587,Silver
CUST-00588,Bronze
CUST-00589,Silver
CUST-00590,Bronze
CUST-00591,Bronze
CUST-00592,Bronze
CUST-00593,Bronze
CUST-00594,Bronze
CUST-00595,Bronze
CUST-00596,Silver
CUST-00597,Bronze
CUST-00598,Bronze
CUST-00599,Bronze
CUST-00600,Bronze
CUST-00601,Bronze
CUST-00602,Bronze
CUST-00603,Bronze
CUST-00604,Bronze
CUST-00605,Bronze
CUST-00606,Bronze
CUST-00607,Bronze
CUST-00608,Bronze
CUST-00609,Bronze
CUST-00610,Bronze
CUST-00611,Silver
CUST-00612,Silver
CUST-00613,Bronze
CUST-00614,Bronze
CUST-00615,Bronze
CUST-00616,Bronze
CUST-00617,Bronze
CUST-00618,Bronze
CUST-00619,Bronze
CUST-00620,Bronze
CUST-00621,Silver
CUST-00622,Bronze
CUST-00623,Bronze
CUST-00624,Bronze
CUST-00625,Silver
CUST-00626,Bronze
CUST-00627,Bronze
CUST-00628,Bronze
CUST-00629,Bronze
CUST-00630,Bronze
CUST-00631,Bronze
CUST-00632,Bronze
CUST-00633,Bronze
CUST-00634,Bronze
CUST-00635,Bronze
CUST-00636,Bronze
CUST-00637,Bronze
CUST-00638,Bronze
CUST-00639,Silver
CUST-00640,Bronze
CUST-00641,Bronze
CUST-00642,Silver
CUST-00643,Gold
CUST-00644,Bronze
CUST-00645,Bronze
CUST-00646,Bronze
CUST-00647,Silver
CUST-00648,Bronze
CUST-00649,Bronze
CUST-00650,Gold
CUST-00651,Bronze
CUST-00652,Gold
CUST-00653,Bronze
CUST-00654,Bronze
CUST-00655,Bronze
CUST-00656,Bronze
CUST-00657,Bronze
CUST-00658,Bronze
CUST-00659,Bronze
CUST-00660,Silver
CUST-00661,Bronze
CUST-00662,Bronze
CUST-00663,Bronze
CUST-00664,Bronze
CUST-00665,Bronze
CUST-00666,Silver
CUST-00667,Bronze
CUST-00668,Bronze
CUST-00669,Bronze
CUST-00670,Bronze
CUST-00671,Bronze
CUST-00672,Bronze
CUST-00673,Silver
CUST-00674,Silver
CUST-00675,Bronze
CUST-00676,Bronze
CUST-00677,Bronze
CUST-00678,Bronze
CUST-00679,Bronze
CUST-00680,Bronze
CUST-00681,Bronze
CUST-00682,Bronze
CUST-00683,Bronze
CUST-00684,Bronze
CUST-00685,Bronze
CUST-00686,Gold
CUST-00687,Bronze
CUST-00688,Bronze
CUST-00689,Bronze
CUST-00690,Bronze
CUST-00691,Silver
CUST-00692,Silver
CUST-00693,Bronze
CUST-00694,Bronze
CUST-00695,Bronze
CUST-00696,Silver
CUST-00697,Bronze
CUST-00698,Silver
CUST-00699,Bronze
CUST-00700,Bronze
CUST-00701,Bronze
CUST-00702,Bronze
CUST-00703,Bronze
CUST-00704,Bronze
CUST-00705,Bronze
CUST-00706,Bronze
CUST-00707,Bronze
CUST-00708,Bronze
CUST-00709,Bronze
CUST-00710,Bronze
CUST-00711,Bronze
CUST-00712,Bronze
CUST-00713,Bronze
CUST-00714,Bronze
CUST-00715,Silver
CUST-00716,Bronze
CUST-00717,Bronze
CUST-00718,Bronze
CUST-00719,Gold
CUST-00720,Gold
CUST-00721,Bronze
CUST-00722,Bronze
CUST-00723,Bronze
CUST-00724,Silver
CUST-00725,Bronze
CUST-00726,Bronze
CUST-00727,Bronze
CUST-00728,Bronze
CUST-00729,Bronze
CUST-00730,Bronze
CUST-00731,Bronze
CUST-00732,Bronze
CUST-00733,Bronze
CUST-00734,Bronze
CUST-00735,Bronze
CUST-00736,Bronze
CUST-00737,Bronze
CUST-00738,Bronze
CUST-00739,Bronze
CUST-00740,Bronze
CUST-00741,Silver
CUST-00742,Bronze
CUST-00743,Bronze
CUST-00744,Bronze
CUST-00745,Bronze
CUST-00746,Bronze
CUST-00747,Bronze
CUST-00748,Bronze
CUST-00749,Bronze
CUST-00750,Bronze
CUST-00751,Bronze
CUST-00752,Bronze
CUST-00753,Bronze
CUST-00754,Bronze
CUST-00755,Bronze
CUST-00756,Bronze
CUST-00757,Gold
CUST-00758,Bronze
CUST-00759,Silver
CUST-00760,Bronze
CUST-00761,Gold
CUST-00762,Silver
CUST-00763,Bronze
CUST-00764,Silver
CUST-00765,Bronze
CUST-00766,Bronze
CUST-00767,Bronze
CUST-00768,Bronze
CUST-00769,Silver
CUST-00770,Bronze
CUST-00771,Bronze
CUST-00772,Silver
CUST-00773,Bronze
CUST-00774,Bronze
CUST-00775,Bronze
CUST-00776,Bronze
CUST-00777,Bronze
CUST-00778,Bronze
CUST-00779,Bronze
CUST-00780,Bronze
CUST-00781,Bronze
CUST-00782,Silver
CUST-00783,Silver
CUST-00784,Gold
CUST-00785,Bronze
CUST-00786,Bronze
CUST-00787,Bronze
CUST-00788,Bronze
CUST-00789,Silver
CUST-00790,Silver
CUST-00791,Bronze
CUST-00792,Bronze
CUST-00793,Bronze
CUST-00794,Silver
CUST-00795,Silver
CUST-00796,Bronze
CUST-00797,Bronze
CUST-00798,Gold
CUST-00799,Gold
CUST-00800,Gold
CUST-00801,Bronze
CUST-00802,Bronze
CUST-00803,Bronze
CUST-00804,Silver
CUST-00805,Bronze
CUST-00806,Silver
CUST-00807,Gold
CUST-00808,Bronze
CUST-00809,Gold
CUST-00810,Bronze
CUST-00811,Bronze
CUST-00812,Bronze
CUST-00813,Bronze
CUST-00814,Bronze
CUST-00815,Bronze
CUST-00816,Gold
CUST-00817,Bronze
CUST-00818,Bronze
CUST-00819,Silver
CUST-00820,Gold
CUST-00821,Gold
CUST-00822,Silver
CUST-00823,Silver
CUST-00824,Bronze
CUST-00825,Bronze
CUST-00826,Bronze
CUST-00827,Bronze
CUST-00828,Bronze
CUST-00829,Bronze
CUST-00830,Bronze
CUST-00831,Bronze
CUST-00832,Bronze
CUST-00833,Bronze
CUST-00834,Bronze
CUST-00835,Bronze
CUST-00836,Silver
CUST-00837,Bronze
CUST-00838,Bronze
CUST-00839,Bronze
CUST-00840,Bronze
CUST-00841,Bronze
CUST-00842,Bronze
CUST-00843,Bronze
CUST-00844,Bronze
CUST-00845,Bronze
CUST-00846,Bronze
CUST-00847,Bronze
CUST-00848,Bronze
CUST-00849,Silver
CUST-00850,Gold
CUST-00851,Bronze
CUST-00852,Gold
CUST-00853,Bronze
CUST-00854,Silver
CUST-00855,Gold
CUST-00856,Silver
CUST-00857,Bronze
CUST-00858,Bronze
CUST-00859,Bronze
CUST-00860,Bronze
CUST-00861,Bronze
CUST-00862,Bronze
CUST-00863,Silver
CUST-00864,Bronze
CUST-00865,Bronze
CUST-00866,Silver
CUST-00867,Silver
CUST-00868,Bronze
CUST-00869,Bronze
CUST-00870,Bronze
CUST-00871,Bronze
CUST-00872,Bronze
CUST-00873,Bronze
CUST-00874,Bronze
CUST-00875,Bronze
CUST-00876,Silver
CUST-00877,Bronze
CUST-00878,Silver
CUST-00879,Silver
CUST-00880,Bronze
CUST-00881,Bronze
CUST-00882,Silver
CUST-00883,Gold
CUST-00884,Bronze
CUST-00885,Bronze
CUST-00886,Bronze
CUST-00887,Bronze
CUST-00888,Bronze
CUST-00889,Bronze
CUST-00890,Bronze
CUST-00891,Bronze
CUST-00892,Bronze
CUST-00893,Bronze
CUST-00894,Bronze
CUST-00895,Bronze
CUST-00896,Silver
CUST-00897,Bronze
CUST-00898,Silver
CUST-00899,Bronze
CUST-00900,Bronze
CUST-00901,Bronze
CUST-00902,Bronze
CUST-00903,Bronze
CUST-00904,Bronze
CUST-00905,Bronze
CUST-00906,Bronze
CUST-00907,Bronze
CUST-00908,Silver
CUST-00909,Bronze
CUST-00910,Bronze
CUST-00911,Bronze
CUST-00912,Bronze
CUST-00913,Bronze
CUST-00914,Bronze
CUST-00915,Bronze
CUST-00916,Bronze
CUST-00917,Bronze
CUST-00918,Bronze
CUST-00919,Silver
CUST-00920,Bronze
CUST-00921,Bronze
CUST-00922,Silver
CUST-00923,Bronze
CUST-00924,Bronze
CUST-00925,Bronze
CUST-00926,Bronze
CUST-00927,Bronze
CUST-00928,Bronze
CUST-00929,Bronze
CUST-00930,Silver
CUST-00931,Bronze
CUST-00932,Silver
CUST-00933,Silver
CUST-00934,Bronze
CUST-00935,Bronze
CUST-00936,Silver
CUST-00937,Gold
CUST-00938,Bronze
CUST-00939,Silver
CUST-00940,Silver
CUST-00941,Bronze
CUST-00942,Bronze
CUST-00943,Silver
CUST-00944,Gold
CUST-00945,Bronze
CUST-00946,Bronze
CUST-00947,Bronze
CUST-00948,Bronze
CUST-00949,Bronze
CUST-00950,Bronze
CUST-00951,Bronze
CUST-00952,Bronze
CUST-00953,Bronze
CUST-00954,Bronze
CUST-00955,Bronze
CUST-00956,Bronze
CUST-00957,Bronze
CUST-00958,Bronze
CUST-00959,Bronze
CUST-00960,Bronze
CUST-00961,Bronze
CUST-00962,Bronze
CUST-00963,Bronze
CUST-00964,Bronze
CUST-00965,Bronze
CUST-00966,Bronze
CUST-00967,Bronze
CUST-00968,Bronze
CUST-00969,Silver
CUST-00970,Silver
CUST-00971,Bronze
CUST-00972,Bronze
CUST-00973,Bronze
CUST-00974,Bronze
CUST-00975,Bronze
CUST-00976,Bronze
CUST-00977,Silver
CUST-00978,Silver
CUST-00979,Bronze
CUST-00980,Bronze
CUST-00981,Bronze
CUST-00982,Gold
CUST-00983,Silver
CUST-00984,Bronze
CUST-00985,Silver
CUST-00986,Bronze
CUST-00987,Bronze
CUST-00988,Silver
CUST-00989,Bronze
CUST-00990,Bronze
CUST-00991,Bronze
CUST-00992,Bronze
CUST-00993,Bronze
CUST-00994,Bronze
CUST-00995,Bronze
CUST-00996,Silver
CUST-00997,Bronze
CUST-00998,Silver
CUST-00999,Bronze
CUST-01000,Bronze
CUST-01001,Bronze
CUST-01002,Bronze
CUST-01003,Bronze
CUST-01004,Silver
CUST-01005,Bronze
CUST-01006,Bronze
CUST-01007,Bronze
CUST-01008,Bronze
CUST-01009,Bronze
CUST-01010,Bronze
CUST-01011,Silver
CUST-01012,Bronze
CUST-01013,Silver
CUST-01014,Silver
CUST-01015,Bronze
CUST-01016,Bronze
CUST-01017,Bronze
CUST-01018,Silver
CUST-01019,Bronze
CUST-01020,Bronze
CUST-01021,Bronze
CUST-01022,Bronze
CUST-01023,Silver
CUST-01024,Bronze
CUST-01025,Silver
CUST-01026,Silver
CUST-01027,Bronze
CUST-01028,Silver
CUST-01029,Bronze
CUST-01030,Bronze
CUST-01031,Bronze
CUST-01032,Silver
CUST-01033,Bronze
CUST-01034,Silver
CUST-01035,Gold
CUST-01036,Bronze
CUST-01037,Bronze
CUST-01038,Bronze
CUST-01039,Bronze
CUST-01040,Bronze
CUST-01041,Silver
CUST-01042,Bronze
CUST-01043,Bronze
CUST-01044,Silver
CUST-01045,Bronze
CUST-01046,Silver
CUST-01047,Bronze
CUST-01048,Bronze
CUST-01049,Bronze
CUST-01050,Bronze
CUST-01051,Bronze
CUST-01052,Bronze
CUST-01053,Bronze
CUST-01054,Silver
CUST-01055,Bronze
CUST-01056,Bronze
CUST-01057,Silver
CUST-01058,Bronze
CUST-01059,Bronze
CUST-01060,Bronze
CUST-01061,Gold
CUST-01062,Bronze
CUST-01063,Bronze
CUST-01064,Bronze
CUST-01065,Bronze
CUST-01066,Bronze
CUST-01067,Silver
CUST-01068,Bronze
CUST-01069,Silver
CUST-01070,Bronze
CUST-01071,Bronze
CUST-01072,Gold
CUST-01073,Bronze
CUST-01074,Bronze
CUST-01075,Bronze
CUST-01076,Bronze
CUST-01077,Silver
CUST-01078,Bronze
CUST-01079,Bronze
CUST-01080,Bronze
CUST-01081,Silver
CUST-01082,Bronze
CUST-01083,Bronze
CUST-01084,Silver
CUST-01085,Bronze
CUST-01086,Gold
CUST-01087,Bronze
CUST-01088,Gold
CUST-01089,Bronze
CUST-01090,Bronze
CUST-01091,Bronze
CUST-01092,Gold
CUST-01093,Bronze
CUST-01094,Bronze
CUST-01095,Bronze
CUST-01096,Bronze
CUST-01097,Bronze
CUST-01098,Bronze
CUST-01099,Bronze
CUST-01100,Bronze
CUST-01101,Gold
CUST-01102,Silver
CUST-01103,Silver
CUST-01104,Bronze
CUST-01105,Bronze
CUST-01106,Bronze
CUST-01107,Gold
CUST-01108,Bronze
CUST-01109,Silver
CUST-01110,Bronze
CUST-01111,Silver
CUST-01112,Bronze
CUST-01113,Bronze
CUST-01114,Bronze
CUST-01115,Bronze
CUST-01116,Bronze
CUST-01117,Bronze
CUST-01118,Bronze
CUST-01119,Silver
CUST-01120,Bronze
CUST-01121,Silver
CUST-01122,Bronze
CUST-01123,Bronze
CUST-01124,Bronze
CUST-01125,Silver
CUST-01126,Bronze
CUST-01127,Silver
CUST-01128,Bronze
CUST-01129,Gold
CUST-01130,Bronze
CUST-01131,Bronze
CUST-01132,Bronze
CUST-01133,Bronze
CUST-01134,Bronze
CUST-01135,Bronze
CUST-01136,Silver
CUST-01137,Bronze
CUST-01138,Bronze
CUST-01139,Bronze
CUST-01140,Bronze
CUST-01141,Bronze
CUST-01142,Silver
CUST-01143,Bronze
CUST-01144,Bronze
CUST-01145,Bronze
CUST-01146,Silver
CUST-01147,Bronze
CUST-01148,Bronze
CUST-01149,Bronze
CUST-01150,Bronze
CUST-01151,Bronze
CUST-01152,Bronze
CUST-01153,Bronze
CUST-01154,Bronze
CUST-01155,Bronze
CUST-01156,Silver
CUST-01157,Bronze
CUST-01158,Bronze
CUST-01159,Bronze
CUST-01160,Silver
CUST-01161,Bronze
CUST-01162,Bronze
CUST-01163,Bronze
CUST-01164,Bronze
CUST-01165,Bronze
CUST-01166,Bronze
CUST-01167,Bronze
CUST-01168,Bronze
CUST-01169,Bronze
CUST-01170,Gold
CUST-01171,Bronze
CUST-01172,Bronze
CUST-01173,Bronze
CUST-01174,Silver
CUST-01175,Bronze
CUST-01176,Bronze
CUST-01177,Bronze
CUST-01178,Silver
CUST-01179,Bronze
CUST-01180,Bronze
CUST-01181,Bronze
CUST-01182,Bronze
CUST-01183,Bronze
CUST-01184,Silver
CUST-01185,Bronze
CUST-01186,Silver
CUST-01187,Silver
CUST-01188,Bronze
CUST-01189,Bronze
CUST-01190,Bronze
CUST-01191,Silver
CUST-01192,Silver
CUST-01193,Bronze
CUST-01194,Gold
CUST-01195,Bronze
CUST-01196,Silver
CUST-01197,Bronze
CUST-01198,Bronze
CUST-01199,Silver
CUST-01200,Bronze
CUST-01201,Bronze
CUST-01202,Gold
CUST-01203,Bronze
CUST-01204,Silver
CUST-01205,Bronze
CUST-01206,Bronze
CUST-01207,Bronze
CUST-01208,Bronze
CUST-01209,Bronze
CUST-01210,Bronze
CUST-01211,Bronze
CUST-01212,Gold
CUST-01213,Bronze
CUST-01214,Bronze
CUST-01215,Gold
CUST-01216,Bronze
CUST-01217,Bronze
CUST-01218,Bronze
CUST-01219,Gold
CUST-01220,Bronze
CUST-01221,Gold
CUST-01222,Silver
CUST-01223,Bronze
CUST-01224,Bronze
CUST-01225,Bronze
CUST-01226,Bronze
CUST-01227,Bronze
CUST-01228,Bronze
CUST-01229,Silver
CUST-01230,Bronze
CUST-01231,Bronze
CUST-01232,Bronze
CUST-01233,Bronze
CUST-01234,Bronze
CUST-01235,Bronze
CUST-01236,Bronze
CUST-01237,Bronze
CUST-01238,Bronze
CUST-01239,Bronze
CUST-01240,Bronze
CUST-01241,Bronze
CUST-01242,Silver
CUST-01243,Silver
CUST-01244,Bronze
CUST-01245,Gold
CUST-01246,Bronze
CUST-01247,Bronze
CUST-01248,Bronze
CUST-01249,Bronze
CUST-01250,Bronze
CUST-01251,Bronze
CUST-01252,Silver
CUST-01253,Bronze
CUST-01254,Bronze
CUST-01255,Bronze
CUST-01256,Bronze
CUST-01257,Bronze
CUST-01258,Bronze
CUST-01259,Bronze
CUST-01260,Bronze
CUST-01261,Gold
CUST-01262,Bronze
CUST-01263,Bronze
CUST-01264,Bronze
CUST-01265,Silver
CUST-01266,Bronze
CUST-01267,Silver
CUST-01268,Bronze
CUST-01269,Bronze
CUST-01270,Silver
CUST-01271,Bronze
CUST-01272,Bronze
CUST-01273,Bronze
CUST-01274,Silver
CUST-01275,Bronze
CUST-01276,Silver
CUST-01277,Bronze
CUST-01278,Silver
CUST-01279,Bronze
CUST-01280,Bronze
CUST-01281,Bronze
CUST-01282,Bronze
CUST-01283,Gold
CUST-01284,Silver
CUST-01285,Bronze
CUST-01286,Silver
CUST-01287,Gold
CUST-01288,Silver
CUST-01289,Bronze
CUST-01290,Bronze
CUST-01291,Bronze
CUST-01292,Bronze
CUST-01293,Bronze
CUST-01294,Gold
CUST-01295,Silver
CUST-01296,Bronze
CUST-01297,Bronze
CUST-01298,Bronze
CUST-01299,Bronze
CUST-01300,Bronze
CUST-01301,Bronze
CUST-01302,Silver
CUST-01303,Bronze
CUST-01304,Bronze
CUST-01305,Silver
CUST-01306,Bronze
CUST-01307,Silver
CUST-01308,Bronze
CUST-01309,Bronze
CUST-01310,Silver
CUST-01311,Gold
CUST-01312,Bronze
CUST-01313,Silver
CUST-01314,Bronze
CUST-01315,Bronze
CUST-01316,Bronze
CUST-01317,Gold
CUST-01318,Bronze
CUST-01319,Bronze
CUST-01320,Bronze
CUST-01321,Silver
CUST-01322,Gold
CUST-01323,Bronze
CUST-01324,Gold
CUST-01325,Silver
CUST-01326,Silver
CUST-01327,Bronze
CUST-01328,Bronze
CUST-01329,Bronze
CUST-01330,Bronze
CUST-01331,Bronze
CUST-01332,Gold
CUST-01333,Bronze
CUST-01334,Bronze
CUST-01335,Bronze
CUST-01336,Bronze
CUST-01337,Bronze
CUST-01338,Bronze
CUST-01339,Bronze
CUST-01340,Bronze
CUST-01341,Bronze
CUST-01342,Bronze
CUST-01343,Bronze
CUST-01344,Bronze
CUST-01345,Bronze
CUST-01346,Silver
CUST-01347,Bronze
CUST-01348,Bronze
CUST-01349,Bronze
CUST-01350,Bronze
CUST-01351,Bronze
CUST-01352,Bronze
CUST-01353,Silver
CUST-01354,Bronze
CUST-01355,Bronze
CUST-01356,Bronze
CUST-01357,Bronze
CUST-01358,Bronze
CUST-01359,Bronze
CUST-01360,Silver
CUST-01361,Bronze
CUST-01362,Bronze
CUST-01363,Bronze
CUST-01364,Bronze
CUST-01365,Bronze
CUST-01366,Bronze
CUST-01367,Bronze
CUST-01368,Bronze
CUST-01369,Bronze
CUST-01370,Bronze
CUST-01371,Silver
CUST-01372,Bronze
CUST-01373,Bronze
CUST-01374,Bronze
CUST-01375,Bronze
CUST-01376,Silver
CUST-01377,Bronze
CUST-01378,Bronze
CUST-01379,Bronze
CUST-01380,Bronze
CUST-01381,Silver
CUST-01382,Silver
CUST-01383,Bronze
CUST-01384,Silver
CUST-01385,Silver
CUST-01386,Bronze
CUST-01387,Bronze
CUST-01388,Silver
CUST-01389,Bronze
CUST-01390,Bronze
CUST-01391,Bronze
CUST-01392,Bronze
CUST-01393,Bronze
CUST-01394,Bronze
CUST-01395,Bronze
CUST-01396,Silver
CUST-01397,Gold
CUST-01398,Bronze
CUST-01399,Bronze
CUST-01400,Bronze
CUST-01401,Bronze
CUST-01402,Bronze
CUST-01403,Silver
CUST-01404,Silver
CUST-01405,Silver
CUST-01406,Bronze
CUST-01407,Bronze
CUST-01408,Gold
CUST-01409,Bronze
CUST-01410,Bronze
CUST-01411,Bronze
CUST-01412,Silver
CUST-01413,Bronze
CUST-01414,Bronze
CUST-01415,Bronze
CUST-01416,Silver
CUST-01417,Bronze
CUST-01418,Silver
CUST-01419,Gold
CUST-01420,Bronze
CUST-01421,Silver
CUST-01422,Bronze
CUST-01423,Bronze
CUST-01424,Bronze
CUST-01425,Silver
CUST-01426,Bronze
CUST-01427,Bronze
CUST-01428,Bronze
CUST-01429,Gold
CUST-01430,Bronze
CUST-01431,Bronze
CUST-01432,Gold
CUST-01433,Silver
CUST-01434,Bronze
CUST-01435,Bronze
CUST-01436,Bronze
CUST-01437,Bronze
CUST-01438,Bronze
CUST-01439,Bronze
CUST-01440,Bronze
CUST-01441,Bronze
CUST-01442,Bronze
CUST-01443,Bronze
CUST-01444,Bronze
CUST-01445,Bronze
CUST-01446,Bronze
CUST-01447,Bronze
CUST-01448,Bronze
CUST-01449,Bronze
CUST-01450,Bronze
CUST-01451,Bronze
CUST-01452,Bronze
CUST-01453,Bronze
CUST-01454,Bronze
CUST-01455,Bronze
CUST-01456,Silver
CUST-01457,Bronze
CUST-01458,Bronze
CUST-01459,Bronze
CUST-01460,Bronze
CUST-01461,Bronze
CUST-01462,Bronze
CUST-01463,Bronze
CUST-01464,Silver
CUST-01465,Bronze
CUST-01466,Bronze
CUST-01467,Bronze
CUST-01468,Bronze
CUST-01469,Bronze
CUST-01470,Silver
CUST-01471,Bronze
CUST-01472,Bronze
CUST-01473,Bronze
CUST-01474,Bronze
CUST-01475,Bronze
CUST-01476,Bronze
CUST-01477,Bronze
CUST-01478,Silver
CUST-01479,Bronze
CUST-01480,Bronze
CUST-01481,Bronze
CUST-01482,Bronze
CUST-01483,Bronze
CUST-01484,Bronze
CUST-01485,Bronze
CUST-01486,Bronze
CUST-01487,Bronze
CUST-01488,Bronze
CUST-01489,Bronze
CUST-01490,Bronze
CUST-01491,Bronze
CUST-01492,Bronze
CUST-01493,Gold
CUST-01494,Silver
CUST-01495,Silver
CUST-01496,Silver
CUST-01497,Bronze
CUST-01498,Bronze
CUST-01499,Bronze
CUST-01500,Bronze
CUST-01501,Bronze
CUST-01502,Bronze
CUST-01503,Bronze
CUST-01504,Bronze
CUST-01505,Silver
CUST-01506,Bronze
CUST-01507,Bronze
CUST-01508,Bronze
CUST-01509,Bronze
CUST-01510,Silver
CUST-01511,Bronze
CUST-01512,Bronze
CUST-01513,Bronze
CUST-01514,Bronze
CUST-01515,Bronze
CUST-01516,Gold
CUST-01517,Bronze
CUST-01518,Silver
CUST-01519,Bronze
CUST-01520,Bronze
CUST-01521,Silver
CUST-01522,Bronze
CUST-01523,Bronze
CUST-01524,Bronze
CUST-01525,Gold
CUST-01526,Bronze
CUST-01527,Bronze
CUST-01528,Bronze
CUST-01529,Bronze
CUST-01530,Bronze
CUST-01531,Bronze
CUST-01532,Bronze
CUST-01533,Bronze
CUST-01534,Bronze
CUST-01535,Bronze
CUST-01536,Bronze
CUST-01537,Bronze
CUST-01538,Gold
CUST-01539,Bronze
CUST-01540,Bronze
CUST-01541,Bronze
CUST-01542,Bronze
CUST-01543,Bronze
CUST-01544,Bronze
CUST-01545,Bronze
CUST-01546,Bronze
CUST-01547,Bronze
CUST-01548,Bronze
CUST-01549,Bronze
CUST-01550,Bronze
CUST-01551,Bronze
CUST-01552,Gold
CUST-01553,Bronze
CUST-01554,Bronze
CUST-01555,Bronze
CUST-01556,Bronze
CUST-01557,Bronze
CUST-01558,Silver
CUST-01559,Bronze
CUST-01560,Silver
CUST-01561,Bronze
CUST-01562,Bronze
CUST-01563,Bronze
CUST-01564,Gold
CUST-01565,Bronze
CUST-01566,Bronze
CUST-01567,Bronze
CUST-01568,Bronze
CUST-01569,Silver
CUST-01570,Bronze
CUST-01571,Bronze
CUST-01572,Silver
CUST-01573,Bronze
CUST-01574,Silver
CUST-01575,Bronze
CUST-01576,Bronze
CUST-01577,Bronze
CUST-01578,Bronze
CUST-01579,Bronze
CUST-01580,Gold
CUST-01581,Bronze
CUST-01582,Bronze
CUST-01583,Silver
CUST-01584,Bronze
CUST-01585,Bronze
CUST-01586,Bronze
CUST-01587,Bronze
CUST-01588,Bronze
CUST-01589,Silver
CUST-01590,Silver
CUST-01591,Silver
CUST-01592,Bronze
CUST-01593,Bronze
CUST-01594,Bronze
CUST-01595,Silver
CUST-01596,Bronze
CUST-01597,Silver
CUST-01598,Bronze
CUST-01599,Bronze
CUST-01600,Bronze
CUST-01601,Bronze
CUST-01602,Bronze
CUST-01603,Gold
CUST-01604,Bronze
CUST-01605,Bronze
CUST-01606,Bronze
CUST-01607,Silver
CUST-01608,Bronze
CUST-01609,Silver
CUST-01610,Bronze
CUST-01611,Bronze
CUST-01612,Silver
CUST-01613,Bronze
CUST-01614,Bronze
CUST-01615,Gold
CUST-01616,Gold
CUST-01617,Gold
CUST-01618,Gold
CUST-01619,Bronze
CUST-01620,Bronze
CUST-01621,Bronze
CUST-01622,Silver
CUST-01623,Gold
CUST-01624,Bronze
CUST-01625,Silver
CUST-01626,Silver
CUST-01627,Silver
CUST-01628,Bronze
CUST-01629,Bronze
CUST-01630,Bronze
CUST-01631,Bronze
CUST-01632,Silver
CUST-01633,Gold
CUST-01634,Bronze
CUST-01635,Bronze
CUST-01636,Gold
CUST-01637,Silver
CUST-01638,Bronze
CUST-01639,Bronze
CUST-01640,Bronze
CUST-01641,Gold
CUST-01642,Bronze
CUST-01643,Bronze
CUST-01644,Silver
CUST-01645,Gold
CUST-01646,Bronze
CUST-01647,Bronze
CUST-01648,Gold
CUST-01649,Bronze
CUST-01650,Silver
CUST-01651,Bronze
CUST-01652,Gold
CUST-01653,Bronze
CUST-01654,Bronze
CUST-01655,Bronze
CUST-01656,Bronze
CUST-01657,Bronze
CUST-01658,Bronze
CUST-01659,Silver
CUST-01660,Bronze
CUST-01661,Bronze
CUST-01662,Silver
CUST-01663,Silver
CUST-01664,Gold
CUST-01665,Bronze
CUST-01666,Bronze
CUST-01667,Silver
CUST-01668,Bronze
CUST-01669,Gold
CUST-01670,Silver
CUST-01671,Bronze
CUST-01672,Silver
CUST-01673,Bronze
CUST-01674,Bronze
CUST-01675,Gold
CUST-01676,Gold
CUST-01677,Silver
CUST-01678,Bronze
CUST-01679,Bronze
CUST-01680,Bronze
CUST-01681,Bronze
CUST-01682,Bronze
CUST-01683,Bronze
CUST-01684,Bronze
CUST-01685,Silver
CUST-01686,Silver
CUST-01687,Bronze
CUST-01688,Silver
CUST-01689,Bronze
CUST-01690,Bronze
CUST-01691,Gold
CUST-01692,Bronze
CUST-01693,Silver
CUST-01694,Gold
CUST-01695,Bronze
CUST-01696,Silver
CUST-01697,Bronze
CUST-01698,Bronze
CUST-01699,Silver
CUST-01700,Bronze
CUST-01701,Bronze
CUST-01702,Bronze
CUST-01703,Bronze
CUST-01704,Bronze
CUST-01705,Silver
CUST-01706,Gold
CUST-01707,Bronze
CUST-01708,Bronze
CUST-01709,Bronze
CUST-01710,Bronze
CUST-01711,Silver
CUST-01712,Silver
CUST-01713,Bronze
CUST-01714,Bronze
CUST-01715,Bronze
CUST-01716,Bronze
CUST-01717,Bronze
CUST-01718,Silver
CUST-01719,Bronze
CUST-01720,Bronze
CUST-01721,Gold
CUST-01722,Silver
CUST-01723,Bronze
CUST-01724,Bronze
CUST-01725,Bronze
CUST-01726,Bronze
CUST-01727,Bronze
CUST-01728,Bronze
CUST-01729,Bronze
CUST-01730,Bronze
CUST-01731,Bronze
CUST-01732,Bronze
CUST-01733,Bronze
CUST-01734,Bronze
CUST-01735,Bronze
CUST-01736,Bronze
CUST-01737,Silver
CUST-01738,Bronze
CUST-01739,Bronze
CUST-01740,Silver
CUST-01741,Bronze
CUST-01742,Silver
CUST-01743,Bronze
CUST-01744,Bronze
CUST-01745,Silver
CUST-01746,Bronze
CUST-01747,Bronze
CUST-01748,Bronze
CUST-01749,Bronze
CUST-01750,Bronze
CUST-01751,Bronze
CUST-01752,Bronze
CUST-01753,Bronze
CUST-01754,Bronze
CUST-01755,Bronze
CUST-01756,Gold
CUST-01757,Bronze
CUST-01758,Silver
CUST-01759,Bronze
CUST-01760,Silver
CUST-01761,Bronze
CUST-01762,Bronze
CUST-01763,Bronze
CUST-01764,Bronze
CUST-01765,Bronze
CUST-01766,Bronze
CUST-01767,Bronze
CUST-01768,Bronze
CUST-01769,Bronze
CUST-01770,Bronze
CUST-01771,Bronze
CUST-01772,Bronze
CUST-01773,Bronze
CUST-01774,Bronze
CUST-01775,Silver
CUST-01776,Bronze
CUST-01777,Gold
CUST-01778,Bronze
CUST-01779,Bronze
CUST-01780,Bronze
CUST-01781,Bronze
CUST-01782,Silver
CUST-01783,Silver
CUST-01784,Silver
CUST-01785,Bronze
CUST-01786,Bronze
CUST-01787,Bronze
CUST-01788,Silver
CUST-01789,Bronze
CUST-01790,Bronze
CUST-01791,Silver
CUST-01792,Bronze
CUST-01793,Bronze
CUST-01794,Bronze
CUST-01795,Bronze
CUST-01796,Silver
CUST-01797,Silver
CUST-01798,Silver
CUST-01799,Bronze
CUST-01800,Silver
CUST-01801,Bronze
CUST-01802,Bronze
CUST-01803,Bronze
CUST-01804,Bronze
CUST-01805,Gold
CUST-01806,Bronze
CUST-01807,Silver
CUST-01808,Bronze
CUST-01809,Silver
CUST-01810,Bronze
CUST-01811,Bronze
CUST-01812,Bronze
CUST-01813,Silver
CUST-01814,Silver
CUST-01815,Bronze
CUST-01816,Silver
CUST-01817,Bronze
CUST-01818,Bronze
CUST-01819,Silver
CUST-01820,Bronze
CUST-01821,Bronze
CUST-01822,Bronze
CUST-01823,Bronze
CUST-01824,Bronze
CUST-01825,Bronze
CUST-01826,Silver
CUST-01827,Bronze
CUST-01828,Bronze
CUST-01829,Bronze
CUST-01830,Bronze
CUST-01831,Bronze
CUST-01832,Bronze
CUST-01833,Bronze
CUST-01834,Bronze
CUST-01835,Bronze
CUST-01836,Bronze
CUST-01837,Bronze
CUST-01838,Bronze
CUST-01839,Bronze
CUST-01840,Bronze
CUST-01841,Bronze
CUST-01842,Bronze
CUST-01843,Bronze
CUST-01844,Bronze
CUST-01845,Bronze
CUST-01846,Bronze
CUST-01847,Silver
CUST-01848,Bronze
CUST-01849,Bronze
CUST-01850,Bronze
CUST-01851,Silver
CUST-01852,Bronze
CUST-01853,Bronze
CUST-01854,Bronze
CUST-01855,Silver
CUST-01856,Bronze
CUST-01857,Bronze
CUST-01858,Silver
CUST-01859,Bronze
CUST-01860,Bronze
CUST-01861,Bronze
CUST-01862,Bronze
CUST-01863,Bronze
CUST-01864,Bronze
CUST-01865,Bronze
CUST-01866,Bronze
CUST-01867,Bronze
CUST-01868,Bronze
CUST-01869,Bronze
CUST-01870,Bronze
CUST-01871,Bronze
CUST-01872,Bronze
CUST-01873,Bronze
CUST-01874,Bronze
CUST-01875,Silver
CUST-01876,Bronze
CUST-01877,Bronze
CUST-01878,Bronze
CUST-01879,Bronze
CUST-01880,Bronze
CUST-01881,Bronze
CUST-01882,Silver
CUST-01883,Bronze
CUST-01884,Bronze
CUST-01885,Bronze
CUST-01886,Bronze
CUST-01887,Silver
CUST-01888,Bronze
CUST-01889,Silver
CUST-01890,Bronze
CUST-01891,Silver
CUST-01892,Bronze
CUST-01893,Bronze
CUST-01894,Silver
CUST-01895,Silver
CUST-01896,Bronze
CUST-01897,Bronze
CUST-01898,Bronze
CUST-01899,Silver
CUST-01900,Bronze
CUST-01901,Bronze
CUST-01902,Bronze
CUST-01903,Bronze
CUST-01904,Silver
CUST-01905,Bronze
CUST-01906,Bronze
CUST-01907,Bronze
CUST-01908,Bronze
CUST-01909,Bronze
CUST-01910,Bronze
CUST-01911,Gold
CUST-01912,Bronze
CUST-01913,Bronze
CUST-01914,Bronze
CUST-01915,Silver
CUST-01916,Bronze
CUST-01917,Silver
CUST-01918,Bronze
CUST-01919,Gold
CUST-01920,Bronze
CUST-01921,Gold
CUST-01922,Bronze
CUST-01923,Bronze
CUST-01924,Bronze
CUST-01925,Bronze
CUST-01926,Bronze
CUST-01927,Bronze
CUST-01928,Bronze
CUST-01929,Gold
CUST-01930,Bronze
CUST-01931,Bronze
CUST-01932,Bronze
CUST-01933,Bronze
CUST-01934,Bronze
CUST-01935,Bronze
CUST-01936,Bronze
CUST-01937,Bronze
CUST-01938,Gold
CUST-01939,Bronze
CUST-01940,Bronze
CUST-01941,Bronze
CUST-01942,Silver
CUST-01943,Bronze
CUST-01944,Silver
CUST-01945,Bronze
CUST-01946,Bronze
CUST-01947,Bronze
CUST-01948,Bronze
CUST-01949,Bronze
CUST-01950,Bronze
CUST-01951,Bronze
CUST-01952,Silver
CUST-01953,Bronze
CUST-01954,Bronze
CUST-01955,Silver
CUST-01956,Bronze
CUST-01957,Bronze
CUST-01958,Bronze
CUST-01959,Bronze
CUST-01960,Bronze
CUST-01961,Bronze
CUST-01962,Gold
CUST-01963,Bronze
CUST-01964,Bronze
CUST-01965,Bronze
CUST-01966,Silver
CUST-01967,Bronze
CUST-01968,Bronze
CUST-01969,Bronze
CUST-01970,Silver
CUST-01971,Bronze
CUST-01972,Bronze
CUST-01973,Bronze
CUST-01974,Bronze
CUST-01975,Bronze
CUST-01976,Silver
CUST-01977,Bronze
CUST-01978,Silver
CUST-01979,Silver
CUST-01980,Bronze
CUST-01981,Bronze
CUST-01982,Bronze
CUST-01983,Bronze
CUST-01984,Bronze
CUST-01985,Bronze
CUST-01986,Bronze
CUST-01987,Bronze
CUST-01988,Silver
CUST-01989,Silver
CUST-01990,Bronze
CUST-01991,Bronze
CUST-01992,Bronze
CUST-01993,Gold
CUST-01994,Bronze
CUST-01995,Bronze
CUST-01996,Silver
CUST-01997,Bronze
CUST-01998,Bronze
CUST-01999,Bronze
CUST-02000,Bronze
